[{"model": "cakes.level", "pk": 1, "fields": {"amount": 1, "price": 400}}, {"model": "cakes.level", "pk": 2, "fields": {"amount": 2, "price": 750}}, {"model": "cakes.level", "pk": 3, "fields": {"amount": 3, "price": 1100}}, {"model": "cakes.form", "pk": 1, "fields": {"name": "Квадрат", "price": 600}}, {"model": "cakes.form", "pk": 2, "fields": {"name": "Круг", "price": 400}}, {"model": "cakes.form", "pk": 3, "fields": {"name": "Прямоугольник", "price": 1000}}, {"model": "cakes.topping", "pk": 1, "fields": {"name": "Без топпинга", "price": 0}}, {"model": "cakes.topping", "pk": 2, "fields": {"name": "Белый соус", "price": 200}}, {"model": "cakes.topping", "pk": 3, "fields": {"name": "Карамельный сироп", "price": 180}}, {"model": "cakes.topping", "pk": 4, "fields": {"name": "Кленовый сироп", "price": 200}}, {"model": "cakes.topping", "pk": 5, "fields": {"name": "Клубничный сироп", "price": 300}}, {"model": "cakes.topping", "pk": 6, "fields": {"name": "Черничный сироп", "price": 350}}, {"model": "cakes.topping", "pk": 7, "fields": {"name": "Молочный шоколад", "price": 200}}, {"model": "cakes.topping", "pk": 8, "fields": {"name": "Варп-камень", "price": 40000}}, {"model": "cakes.berry", "pk": 1, "fields": {"name": "Малина", "price": 300}}, {"model": "cakes.berry", "pk": 2, "fields": {"name": "Клубника", "price": 500}}, {"model": "cakes.berry", "pk": 3, "fields": {"name": "Ежевика", "price": 400}}, {"model": "cakes.berry", "pk": 4, "fields": {"name": "Голубика", "price": 450}}, {"model": "cakes.decoration", "pk": 1, "fields": {"name": "Фисташки", "price": 300}}, {"model": "cakes.decoration", "pk": 2, "fields": {"name": "Безе", "price": 400}}, {"model": "cakes.decoration", "pk": 3, "fields": {"name": "Фундук", "price": 350}}, {"model": "cakes.decoration", "pk": 4, "fields": {"name": "Пекан", "price": 300}}, {"model": "cakes.decoration", "pk": 5, "fields": {"name": "Маршмеллоу", "price": 200}}, {"model": "cakes.decoration", "pk": 6, "fields": {"name": "Марципан", "price": 280}}, {"model": "cakes.cake", "pk": 2, "fields": {"levels": 2, "form": 2, "topping": 4, "text": "Lolkek", "cost": "69420.00", "berries": [2, 4], "decorations": [2]}}, {"model": "cakes.cake", "pk": 3, "fields": {"levels": 2, "form": 2, "topping": 4, "text": "Lolkek", "cost": "69420.00", "berries": [2, 4], "decorations": [2]}}, {"model": "cakes.cake", "pk": 4, "fields": {"levels": 1, "form": 1, "topping": 4, "text": "Lolkek", "cost": "69420.00", "berries": [2, 4], "decorations": [2, 4]}}, {"model": "cakes.cake", "pk": 5, "fields": {"levels": 1, "form": 3, "topping": 8, "text": "lolkek", "cost": "42200.00", "berries": [], "decorations": []}}, {"model": "cakes.cake", "pk": 6, "fields": {"levels": 1, "form": 3, "topping": 8, "text": "lolkek", "cost": "42200.00", "berries": [], "decorations": []}}, {"model": "cakes.cake", "pk": 7, "fields": {"levels": 1, "form": 3, "topping": 8, "text": "lolkek", "cost": "42200.00", "berries": [], "decorations": []}}, {"model": "cakes.cake", "pk": 8, "fields": {"levels": 1, "form": 3, "topping": 8, "text": "lolkek", "cost": "42200.00", "berries": [], "decorations": []}}, {"model": "cakes.cake", "pk": 9, "fields": {"levels": 1, "form": 3, "topping": 8, "text": "lolkek", "cost": "42200.00", "berries": [], "decorations": []}}, {"model": "cakes.cake", "pk": 10, "fields": {"levels": 1, "form": 3, "topping": 8, "text": "lolkek", "cost": "42200.00", "berries": [], "decorations": []}}, {"model": "cakes.cake", "pk": 11, "fields": {"levels": 2, "form": 2, "topping": 2, "text": "слова-словечки", "cost": "42200.00", "berries": [], "decorations": []}}, {"model": "cakes.cake", "pk": 12, "fields": {"levels": 2, "form": 3, "topping": 8, "text": "", "cost": "42200.00", "berries": [], "decorations": []}}, {"model": "cakes.cake", "pk": 13, "fields": {"levels": 1, "form": 2, "topping": 8, "text": "", "cost": "42200.00", "berries": [], "decorations": []}}, {"model": "cakes.order", "pk": 2, "fields": {"user": 1, "cake": 2, "address": "Somewhere far away", "notes": "Speak Italian to me, please", "delivery_date": "2024-02-17", "delivery_time": "18:55:32", "cost": "69420.00"}}, {"model": "cakes.order", "pk": 3, "fields": {"user": 1, "cake": 3, "address": "Somewhere actually close", "notes": "", "delivery_date": "2024-02-17", "delivery_time": "18:55:32", "cost": "69420.00"}}, {"model": "cakes.order", "pk": 4, "fields": {"user": 1, "cake": 4, "address": "Somewhere actually close", "notes": "", "delivery_date": "2024-02-19", "delivery_time": "11:10:32", "cost": "7.00"}}, {"model": "cakes.order", "pk": 5, "fields": {"user": 1, "cake": 5, "address": "Haklil, 1151", "notes": "", "delivery_date": "2025-02-02", "delivery_time": "16:06:00", "cost": "9999.00"}}, {"model": "cakes.order", "pk": 6, "fields": {"user": 1, "cake": 6, "address": "Haklil, 1151", "notes": "", "delivery_date": "2025-02-02", "delivery_time": "16:06:00", "cost": "9999.00"}}, {"model": "cakes.order", "pk": 7, "fields": {"user": 1, "cake": 7, "address": "Haklil, 1151", "notes": "", "delivery_date": "2025-02-02", "delivery_time": "16:06:00", "cost": "9999.00"}}, {"model": "cakes.order", "pk": 8, "fields": {"user": 1, "cake": 8, "address": "Haklil, 1151", "notes": "", "delivery_date": "2025-02-02", "delivery_time": "16:06:00", "cost": "9999.00"}}, {"model": "cakes.order", "pk": 9, "fields": {"user": 1, "cake": 9, "address": "Haklil, 1151", "notes": "", "delivery_date": "2025-02-02", "delivery_time": "16:06:00", "cost": "9999.00"}}, {"model": "cakes.order", "pk": 10, "fields": {"user": 1, "cake": 10, "address": "Haklil, 1151", "notes": "", "delivery_date": "2025-02-02", "delivery_time": "16:06:00", "cost": "9999.00"}}, {"model": "cakes.order", "pk": 11, "fields": {"user": 1, "cake": 11, "address": "Домой, пожалуйста", "notes": "", "delivery_date": "2022-03-18", "delivery_time": "19:09:00", "cost": "9999.00"}}, {"model": "cakes.order", "pk": 12, "fields": {"user": 1, "cake": 12, "address": "Pizzatown", "notes": "", "delivery_date": "3300-02-20", "delivery_time": "19:09:00", "cost": "9999.00"}}, {"model": "cakes.order", "pk": 13, "fields": {"user": 1, "cake": 13, "address": "Caketown", "notes": "", "delivery_date": "3333-03-30", "delivery_time": "09:09:00", "cost": "9999.00"}}]